subdistrict,city,n,lat,lon,spread_km
Manawy Basha,Basrah,2869,30.52974,47.79812,5.4
Zubair center,Basrah,2199,30.39024,47.7006,5.8
Abu Al-Khaseeb,Basrah,1981,30.45776,47.86127,7.1
Shat Al-Arab,Basrah,1081,30.5726,47.80837,5.6
Amen Dhakhil,Basrah,911,30.49896,47.77503,4.3
Um Qasir,Basrah,809,30.04047,47.91803,5.3
Hartha,Basrah,731,30.71281,47.72109,6.2
Fajer,Thaiqar / Nassriya,691,31.90965,45.89528,8.4
Sob Al-Aysar,Maysan / Emarah,690,31.83968,47.12188,4.6
Sob Al-Ayman,Maysan / Emarah,606,31.82723,47.16635,4.8
Sadeq,Basrah,511,30.9596,47.33741,6.1
Nahawand,Maysan / Emarah,510,31.87519,47.13562,4.0
Qalaat Sukar,Thaiqar / Nassriya,450,31.8507,46.06898,9.1
Sob Al-Kabeer,Al-Muthanna / Samawa,423,31.29164,45.27068,5.6
Rifaie center,Thaiqar / Nassriya,420,31.71832,46.10771,4.4
Khour Al-Zubair,Basrah,419,30.22176,47.77273,7.8
Dwayah,Thaiqar / Nassriya,390,31.49208,46.37709,6.1
Edara Al-Mahalyia,Thaiqar / Nassriya,385,31.063,46.2594,5.5
Mdaynah center,Basrah,366,30.95162,47.26573,3.0
Deer,Basrah,365,30.81887,47.55765,5.6
Az Al-Deen Saleem,Basrah,353,30.97643,47.31208,3.7
Safwan,Basrah,346,30.11797,47.72454,3.9
Qurna center,Basrah,325,31.01284,47.43083,2.5
Kumit,Maysan / Emarah,315,31.8572,46.9627,9.7
Battha,Thaiqar / Nassriya,311,31.11489,45.91914,7.7
Moohi,Basrah,290,30.978,47.45181,3.2
Sweer,Al-Muthanna / Samawa,264,31.30209,45.43052,7.9
Romaithah center,Al-Muthanna / Samawa,253,31.53943,45.19814,5.8
Shatrah center,Thaiqar / Nassriya,245,31.40759,46.16889,5.1
Al-Khadher center,Al-Muthanna / Samawa,243,31.25271,45.53631,6.6
Showella,Thaiqar / Nassriya,221,31.0301,46.25018,3.4
Naser,Thaiqar / Nassriya,191,31.53864,46.11994,3.6
Kahlaa center,Maysan / Emarah,189,31.67119,47.2938,5.5
Warka,Al-Muthanna / Samawa,182,31.45674,45.28949,6.1
Al-Chebaish center,Thaiqar / Nassriya,178,30.96506,46.99115,4.1
Sob Al-Sagheer,Al-Muthanna / Samawa,163,31.34739,45.28609,3.7
Suq Al-Sheoukh center,Thaiqar / Nassriya,156,30.89574,46.45851,4.1
Faw center,Basrah,154,29.96987,48.47332,6.8
Fohood,Thaiqar / Nassriya,149,30.97449,46.7206,3.8
Ali Al-Gharbi center,Maysan / Emarah,135,32.46201,46.6993,5.5
Maymona center,Maysan / Emarah,128,31.68326,46.96941,4.4
Hamar,Thaiqar / Nassriya,119,30.95566,46.85342,1.2
Mushareh,Maysan / Emarah,115,31.82448,47.43522,6.5
Ali Al-Sharqi,Maysan / Emarah,115,32.12519,46.73285,6.0
Majer-Kabeer center,Maysan / Emarah,107,31.58746,47.17296,6.5
Garaf,Thaiqar / Nassriya,100,31.29916,46.24054,4.9
Nashwa,Basrah,95,30.8153,47.60228,5.1
Thaqer,Basrah,93,31.17815,47.43065,6.0
Aaslah,Thaiqar / Nassriya,82,31.16728,46.59946,5.4
Ahmed Al-Rifaai,Maysan / Emarah,72,31.71046,46.7335,5.8
Garmat Bani Saed,Thaiqar / Nassriya,71,30.88056,46.5747,3.2
Said Dakheel,Thaiqar / Nassriya,69,31.13068,46.43266,5.9
Tar,Thaiqar / Nassriya,62,30.90653,46.64104,2.2
Fadhliyah,Thaiqar / Nassriya,61,30.95386,46.35504,5.3
Draji,Al-Muthanna / Samawa,60,31.15936,45.69615,4.1
Qalat Salih center,Maysan / Emarah,57,31.48327,47.29971,4.9
Najmi,Al-Muthanna / Samawa,54,31.69049,45.33088,7.2
Hilal,Al-Muthanna / Samawa,51,31.42923,45.1232,6.8
Bani Hashim,Maysan / Emarah,43,31.66241,47.50636,7.4
Majed,Al-Muthanna / Samawa,37,31.40188,45.1969,3.0
Ur,Thaiqar / Nassriya,35,31.04095,46.31063,0.9
Salman center,Al-Muthanna / Samawa,33,31.2169,44.93001,7.5
Adel,Maysan / Emarah,30,31.4879,47.11406,3.5
Salam-Emarah,Maysan / Emarah,24,31.53956,46.97336,5.7
Uzer,Maysan / Emarah,22,31.32351,47.41836,2.4
Ekeka,Thaiqar / Nassriya,20,30.91787,46.51032,3.4
Hamzah Al-Sharqi,Al-Muthanna / Samawa,11,31.62121,45.14153,6.3
Al-Sadoor,Al-Muthanna / Samawa,9,31.7225,45.31872,1.1
Beder,Al-Muthanna / Samawa,8,31.82,45.42921,15.0
Karkh center,Basrah,7,30.60725,47.78124,0.0
Madina Al-Qadima,Basrah,6,31.78906,45.64541,179.8
Maamun,Thaiqar / Nassriya,6,32.55404,45.18209,120.9
Summer,Thaiqar / Nassriya,4,30.67687,46.4369,0.0
Taji Camp,Basrah,4,33.52523,44.25356,0.0
Basrah,Basrah,4,30.52616,47.84918,0.0
Azizya center,Thaiqar / Nassriya,4,32.90663,45.05874,0.0
Ahrar,Al-Muthanna / Samawa,4,32.45732,45.54077,0.0
Nahrawan,Basrah,4,30.07252,47.91635,0.0
Karma,Maysan / Emarah,4,32.5007,46.56704,0.0
Nufar,Maysan / Emarah,4,31.6683,47.29475,0.0
Kufa,Thaiqar / Nassriya,3,31.96435,44.35971,0.0
Dar Al-Salam,Thaiqar / Nassriya,3,31.76081,46.14747,0.0
Hay center,Thaiqar / Nassriya,3,31.91125,45.95472,0.0
Jiseer,Al-Muthanna / Samawa,3,33.16385,44.57442,0.0
Sheikh Saad,Maysan / Emarah,3,32.28637,46.63253,0.0
Fahama,Basrah,3,33.4032,44.42158,0.0
Rusafa center,Maysan / Emarah,3,33.31599,44.49696,0.0
Baladruz center,Thaiqar / Nassriya,1,33.4764,45.087,0.0
